host,sort,type,length,time,sigma
joe-arch-pc,quicksort,sorted,2,6.690002919640392e-06,4.225690791736866e-06
joe-arch-pc,quicksort,median-killer,2,7.74500222178176e-06,3.169219210418159e-06
joe-arch-pc,quicksort,reversed,2,1.1049000022467226e-05,4.272510635234965e-06
joe-arch-pc,quicksort,random,2,8.163005986716598e-06,1.9430985231556875e-06
joe-arch-pc,mergesort,sorted,2,6.898000719957054e-06,2.4795040471583982e-06
joe-arch-pc,mergesort,median-killer,2,8.027003786992282e-06,1.983851714806158e-06
joe-arch-pc,mergesort,reversed,2,7.198999810498208e-06,3.8166892546269285e-06
joe-arch-pc,mergesort,random,2,8.59099964145571e-06,1.6430877686624982e-06
joe-arch-pc,heapsort,sorted,2,6.801004929002374e-06,3.179274251205483e-06
joe-arch-pc,heapsort,median-killer,2,7.869995897635818e-06,2.3191725018179397e-06
joe-arch-pc,heapsort,reversed,2,7.1210015448741615e-06,3.2904511239732234e-06
joe-arch-pc,heapsort,random,2,8.290997357107699e-06,1.8923591025254067e-06
joe-arch-pc,quicksort,sorted,4,6.512003892567009e-06,2.5684198592012927e-06
joe-arch-pc,quicksort,median-killer,4,7.699003617744893e-06,1.2184097374445988e-06
joe-arch-pc,quicksort,reversed,4,6.933994882274419e-06,4.554620407176915e-06
joe-arch-pc,quicksort,random,4,8.15599923953414e-06,4.453220519662276e-06
joe-arch-pc,mergesort,sorted,4,6.71800080453977e-06,5.189400414674596e-06
joe-arch-pc,mergesort,median-killer,4,7.991999154910445e-06,2.147223690774501e-06
joe-arch-pc,mergesort,reversed,4,7.335002010222524e-06,1.0816570791652587e-05
joe-arch-pc,mergesort,random,4,8.686998626217246e-06,1.5964659875889315e-06
joe-arch-pc,heapsort,sorted,4,6.492999091278762e-06,2.8189394525477175e-06
joe-arch-pc,heapsort,median-killer,4,7.96099629951641e-06,2.540171545897398e-06
joe-arch-pc,heapsort,reversed,4,7.071997970342636e-06,2.695933386221442e-06
joe-arch-pc,heapsort,random,4,8.301998605020344e-06,1.8278721005732921e-06
joe-arch-pc,quicksort,sorted,6,6.419002602342516e-06,2.4338846086551916e-06
joe-arch-pc,quicksort,median-killer,6,8.344002708327025e-06,2.576451863113302e-06
joe-arch-pc,quicksort,reversed,6,7.009002729319036e-06,2.5348122096892133e-06
joe-arch-pc,quicksort,random,6,8.219001756515354e-06,1.8628617784161077e-06
joe-arch-pc,mergesort,sorted,6,6.604001100640744e-06,2.3840461843525497e-06
joe-arch-pc,mergesort,median-killer,6,8.15800012787804e-06,1.1460518520556392e-06
joe-arch-pc,mergesort,reversed,6,7.171998731791973e-06,4.210661249559506e-06
joe-arch-pc,mergesort,random,6,8.481998520437628e-06,1.97693813849132e-06
joe-arch-pc,heapsort,sorted,6,6.472997483797371e-06,3.3022164820826914e-06
joe-arch-pc,heapsort,median-killer,6,8.231996616814286e-06,1.321835983615097e-06
joe-arch-pc,heapsort,reversed,6,6.987000233493745e-06,3.820550808097018e-06
joe-arch-pc,heapsort,random,6,8.237999281845987e-06,1.9014394008264184e-06
joe-arch-pc,quicksort,sorted,8,6.6259963205084205e-06,3.590323921021191e-06
joe-arch-pc,quicksort,median-killer,8,8.050003089010715e-06,1.352071791630488e-06
joe-arch-pc,quicksort,reversed,8,6.938003934919834e-06,2.367310440656579e-06
joe-arch-pc,quicksort,random,8,8.13799852039665e-06,1.997364482359856e-06
joe-arch-pc,mergesort,sorted,8,6.828995537944138e-06,2.345620490902796e-06
joe-arch-pc,mergesort,median-killer,8,8.311006240546703e-06,1.1806524202335289e-06
joe-arch-pc,mergesort,reversed,8,7.242000719998032e-06,3.1935619336759853e-06
joe-arch-pc,mergesort,random,8,8.480004908051342e-06,2.3407813450668107e-06
joe-arch-pc,heapsort,sorted,8,6.58100179862231e-06,2.4492924395073763e-06
joe-arch-pc,heapsort,median-killer,8,8.383001841139048e-06,1.2686368749004047e-06
joe-arch-pc,heapsort,reversed,8,1.2228003470227122e-05,3.3501513671579907e-06
joe-arch-pc,heapsort,random,8,8.165006875060499e-06,3.0014502479004778e-06
joe-arch-pc,quicksort,sorted,10,6.6209977376274765e-06,2.38329820120445e-06
joe-arch-pc,quicksort,median-killer,10,8.057999366428703e-06,1.8889001535442596e-06
joe-arch-pc,quicksort,reversed,10,7.233000360429287e-06,2.352155507897354e-06
joe-arch-pc,quicksort,random,10,8.122995495796204e-06,1.9949035147218694e-06
joe-arch-pc,mergesort,sorted,10,6.661000952590257e-06,2.392151870518858e-06
joe-arch-pc,mergesort,median-killer,10,8.179005817510188e-06,1.1660969408937697e-06
joe-arch-pc,mergesort,reversed,10,7.4260024121031165e-06,2.3936834712534644e-06
joe-arch-pc,mergesort,random,10,8.525996236130595e-06,3.742131310655566e-06
joe-arch-pc,heapsort,sorted,10,6.873000529594719e-06,2.7837404676370607e-06
joe-arch-pc,heapsort,median-killer,10,8.31099896458909e-06,1.5168674217231776e-06
joe-arch-pc,heapsort,reversed,10,7.131005986593664e-06,5.630643828686215e-06
joe-arch-pc,heapsort,random,10,8.35500395623967e-06,1.9278448758646146e-06
joe-arch-pc,quicksort,sorted,20,6.527996447402984e-06,5.440874950665349e-06
joe-arch-pc,quicksort,median-killer,20,8.49200296215713e-06,1.3250710105388247e-06
joe-arch-pc,quicksort,reversed,20,7.046997779980302e-06,2.4803612200072056e-06
joe-arch-pc,quicksort,random,20,8.474999049212784e-06,2.284008527591151e-06
joe-arch-pc,mergesort,sorted,20,7.0739988586865366e-06,2.537005597988447e-06
joe-arch-pc,mergesort,median-killer,20,8.814000466372818e-06,1.0962466046455696e-06
joe-arch-pc,mergesort,reversed,20,7.922004442662e-06,3.2863570574663212e-06
joe-arch-pc,mergesort,random,20,9.109004167839885e-06,3.3461313723834013e-06
joe-arch-pc,heapsort,sorted,20,6.8829976953566074e-06,2.5856590497564077e-06
joe-arch-pc,heapsort,median-killer,20,8.827999408822507e-06,1.8271164950777062e-06
joe-arch-pc,heapsort,reversed,20,7.277994882315397e-06,2.3096661672867582e-06
joe-arch-pc,heapsort,random,20,8.584000170230865e-06,9.546993796262307e-06
joe-arch-pc,quicksort,sorted,30,6.6350039560347795e-06,2.695914842593858e-06
joe-arch-pc,quicksort,median-killer,30,8.915005309972912e-06,1.1723751679862238e-06
joe-arch-pc,quicksort,reversed,30,7.392001862172037e-06,2.2966915337098594e-06
joe-arch-pc,quicksort,random,30,8.492999768350273e-06,1.836335763567013e-06
joe-arch-pc,mergesort,sorted,30,7.338996510952711e-06,2.936788423239057e-06
joe-arch-pc,mergesort,median-killer,30,8.937997336033732e-06,4.231189056807924e-06
joe-arch-pc,mergesort,reversed,30,8.161005098372698e-06,2.257317522396541e-06
joe-arch-pc,mergesort,random,30,9.54199640545994e-06,3.110328349810904e-06
joe-arch-pc,heapsort,sorted,30,1.0231000487692654e-05,4.722178803121237e-06
joe-arch-pc,heapsort,median-killer,30,9.08000220078975e-06,1.7140056930867421e-06
joe-arch-pc,heapsort,reversed,30,7.848997483961284e-06,2.3039696269303836e-06
joe-arch-pc,heapsort,random,30,9.081995813176036e-06,3.0723249682669655e-06
joe-arch-pc,quicksort,sorted,40,6.68199936626479e-06,6.370887086985609e-06
joe-arch-pc,quicksort,median-killer,40,9.120994945988059e-06,1.3363309811407168e-06
joe-arch-pc,quicksort,reversed,40,7.600996468681842e-06,2.3111506734658665e-06
joe-arch-pc,quicksort,random,40,8.584000170230865e-06,2.092112685192625e-06
joe-arch-pc,mergesort,sorted,40,6.916998245287687e-06,2.5564772924537435e-06
joe-arch-pc,mergesort,median-killer,40,8.752998837735504e-06,1.3623505554983827e-06
joe-arch-pc,mergesort,reversed,40,8.069000614341348e-06,2.147108525523658e-06
joe-arch-pc,mergesort,random,40,8.86899942997843e-06,2.2258991825393613e-06
joe-arch-pc,heapsort,sorted,40,8.264003554359078e-06,5.431123456799429e-06
joe-arch-pc,heapsort,median-killer,40,1.0003001079894602e-05,3.2930824909717963e-06
joe-arch-pc,heapsort,reversed,40,7.989998266566545e-06,2.5138123318129262e-06
joe-arch-pc,heapsort,random,40,9.470997611060739e-06,2.3694900412203134e-06
joe-arch-pc,quicksort,sorted,50,6.862996087875217e-06,7.65793374684919e-06
joe-arch-pc,quicksort,median-killer,50,9.26399661693722e-06,1.3244479700472368e-06
joe-arch-pc,quicksort,reversed,50,7.556998752988875e-06,2.3375053286110702e-06
joe-arch-pc,quicksort,random,50,9.020994184538722e-06,2.000535973088777e-06
joe-arch-pc,mergesort,sorted,50,6.884001777507365e-06,2.9248363747182915e-06
joe-arch-pc,mergesort,median-killer,50,9.088005754165351e-06,1.3720422288081876e-06
joe-arch-pc,mergesort,reversed,50,8.124996384140104e-06,2.3409167229292343e-06
joe-arch-pc,mergesort,random,50,9.344003046862781e-06,3.7573227781196458e-06
joe-arch-pc,heapsort,sorted,50,8.631999662611634e-06,4.158326199093479e-06
joe-arch-pc,heapsort,median-killer,50,1.063699892256409e-05,1.5081038729483329e-06
joe-arch-pc,heapsort,reversed,50,8.784998499322683e-06,2.404221439261992e-06
joe-arch-pc,heapsort,random,50,1.0160001693293452e-05,2.047523952221344e-06
joe-arch-pc,quicksort,sorted,60,6.827001925557852e-06,7.211152182599964e-06
joe-arch-pc,quicksort,median-killer,60,9.449002391193062e-06,1.4566497764339793e-06
joe-arch-pc,quicksort,reversed,60,7.706003088969737e-06,2.5727929901005974e-06
joe-arch-pc,quicksort,random,60,9.317001968156546e-06,2.1816584094268767e-06
joe-arch-pc,mergesort,sorted,60,7.055998139549047e-06,2.5835333790100983e-06
joe-arch-pc,mergesort,median-killer,60,9.228999260812998e-06,1.4562334585859773e-06
joe-arch-pc,mergesort,reversed,60,8.306997187901288e-06,5.82909815374743e-06
joe-arch-pc,mergesort,random,60,1.5018995327409357e-05,5.264415130874206e-06
joe-arch-pc,heapsort,sorted,60,9.353003406431526e-06,7.256625780278006e-06
joe-arch-pc,heapsort,median-killer,60,1.1121999705210328e-05,2.9882282285467813e-06
joe-arch-pc,heapsort,reversed,60,9.322997357230633e-06,2.4518723456975974e-06
joe-arch-pc,heapsort,random,60,1.0695999662857503e-05,3.6088059576774794e-06
joe-arch-pc,quicksort,sorted,70,6.990005203988403e-06,6.303986823037758e-06
joe-arch-pc,quicksort,median-killer,70,9.45699866861105e-06,1.2597223789338257e-06
joe-arch-pc,quicksort,reversed,70,7.777998689562082e-06,2.429319994420106e-06
joe-arch-pc,quicksort,random,70,9.577001037541777e-06,2.2688982925719007e-06
joe-arch-pc,mergesort,sorted,70,7.041999197099358e-06,3.925935438442735e-06
joe-arch-pc,mergesort,median-killer,70,9.34200215851888e-06,1.53921054655352e-06
joe-arch-pc,mergesort,reversed,70,8.86499765329063e-06,2.1787158302647482e-06
joe-arch-pc,mergesort,random,70,1.0231997293885797e-05,3.2318330837953482e-06
joe-arch-pc,heapsort,sorted,70,9.87599923973903e-06,3.1434984559380323e-06
joe-arch-pc,heapsort,median-killer,70,1.1599993740674108e-05,1.4568911074943613e-06
joe-arch-pc,heapsort,reversed,70,9.903997124638408e-06,2.2856472594531963e-06
joe-arch-pc,heapsort,random,70,1.1600001016631722e-05,3.626224927872176e-06
joe-arch-pc,quicksort,sorted,80,7.265996828209609e-06,6.777501231943443e-06
joe-arch-pc,quicksort,median-killer,80,1.0046001989394426e-05,1.5487351415002583e-06
joe-arch-pc,quicksort,reversed,80,8.244998753070831e-06,2.4068130811211777e-06
joe-arch-pc,quicksort,random,80,1.0166993888560683e-05,3.571267094597694e-06
joe-arch-pc,mergesort,sorted,80,7.266004104167223e-06,2.8607836516822104e-06
joe-arch-pc,mergesort,median-killer,80,9.413997759111226e-06,1.3010246650619252e-06
joe-arch-pc,mergesort,reversed,80,9.308001608587801e-06,2.2784701486044876e-06
joe-arch-pc,mergesort,random,80,1.1228003131691366e-05,2.7700993319648054e-06
joe-arch-pc,heapsort,sorted,80,1.0746000043582171e-05,3.1297861556835238e-06
joe-arch-pc,heapsort,median-killer,80,1.2418997357599437e-05,1.5255473015105366e-06
joe-arch-pc,heapsort,reversed,80,1.0250005288980901e-05,2.413321551529102e-06
joe-arch-pc,heapsort,random,80,1.1794996680691838e-05,3.1591922177015968e-06
joe-arch-pc,quicksort,sorted,90,7.180999091360718e-06,6.465685650745346e-06
joe-arch-pc,quicksort,median-killer,90,9.848998161032796e-06,1.5332217269412158e-06
joe-arch-pc,quicksort,reversed,90,8.210001396946609e-06,2.920716372268316e-06
joe-arch-pc,quicksort,random,90,1.0209994798060507e-05,2.299374916430536e-06
joe-arch-pc,mergesort,sorted,90,7.5160060077905655e-06,2.646077987103728e-06
joe-arch-pc,mergesort,median-killer,90,1.0036004823632538e-05,1.2157702713759936e-06
joe-arch-pc,mergesort,reversed,90,8.533999789506197e-06,2.349872362793907e-06
joe-arch-pc,mergesort,random,90,1.1850999726448208e-05,2.34713169105822e-06
joe-arch-pc,heapsort,sorted,90,1.1384006938897073e-05,3.339775939258261e-06
joe-arch-pc,heapsort,median-killer,90,1.2970995157957077e-05,1.3647812798538977e-06
joe-arch-pc,heapsort,reversed,90,1.0986004781443626e-05,2.3936253867520236e-06
joe-arch-pc,heapsort,random,90,1.2931006494909525e-05,2.90136351850357e-06
joe-arch-pc,quicksort,sorted,100,7.1739996201358736e-06,6.348205929329931e-06
joe-arch-pc,quicksort,median-killer,100,1.0457995813339949e-05,1.8388863456745425e-06
joe-arch-pc,quicksort,reversed,100,8.569004421588033e-06,2.3933497268820813e-06
joe-arch-pc,quicksort,random,100,1.0864998330362141e-05,2.1995761988693505e-06
joe-arch-pc,mergesort,sorted,100,7.4310009949840605e-06,2.5935444415942546e-06
joe-arch-pc,mergesort,median-killer,100,9.731003956403583e-06,1.6947018722452614e-06
joe-arch-pc,mergesort,reversed,100,9.304996638093144e-06,2.3018870792779502e-06
joe-arch-pc,mergesort,random,100,1.2222997611388564e-05,2.2315848791219323e-06
joe-arch-pc,heapsort,sorted,100,1.1850999726448208e-05,3.664161690120721e-06
joe-arch-pc,heapsort,median-killer,100,1.3618002412840724e-05,1.4588903002745684e-06
joe-arch-pc,heapsort,reversed,100,1.1734999134205282e-05,2.4007880748549384e-06
joe-arch-pc,heapsort,random,100,1.3504999515134841e-05,3.0218591517686942e-06
joe-arch-pc,quicksort,sorted,200,8.549999620299786e-06,3.5133082550935475e-06
joe-arch-pc,quicksort,median-killer,200,1.2896001862827688e-05,1.1952698660030895e-06
joe-arch-pc,quicksort,reversed,200,1.0256000678054988e-05,2.262370073971453e-06
joe-arch-pc,quicksort,random,200,1.5848003386054188e-05,2.1540088640019427e-06
joe-arch-pc,mergesort,sorted,200,8.816001354716718e-06,2.132504217429258e-06
joe-arch-pc,mergesort,median-killer,200,1.1185002222191542e-05,1.4155881354303987e-06
joe-arch-pc,mergesort,reversed,200,1.181900006486103e-05,2.077812049491313e-06
joe-arch-pc,mergesort,random,200,2.542899892432615e-05,1.955403102401488e-06
joe-arch-pc,heapsort,sorted,200,1.9412997062318027e-05,3.341211439238229e-06
joe-arch-pc,heapsort,median-killer,200,2.0731997210532427e-05,2.37471987236883e-06
joe-arch-pc,heapsort,reversed,200,1.8669998098630458e-05,3.984808730301143e-06
joe-arch-pc,heapsort,random,200,2.114100061589852e-05,1.978331901791837e-06
joe-arch-pc,quicksort,sorted,300,9.792005585040897e-06,4.006809578194739e-06
joe-arch-pc,quicksort,median-killer,300,1.5628000255674124e-05,1.4475024521390573e-06
joe-arch-pc,quicksort,reversed,300,1.196200173581019e-05,2.203730665338615e-06
joe-arch-pc,quicksort,random,300,2.1517000277526677e-05,7.5806327373656704e-06
joe-arch-pc,mergesort,sorted,300,9.893003152683377e-06,2.4659984838568584e-06
joe-arch-pc,mergesort,median-killer,300,1.2530006642919034e-05,1.5630607638644426e-06
joe-arch-pc,mergesort,reversed,300,1.6063997463788837e-05,2.2461918484761116e-06
joe-arch-pc,mergesort,random,300,2.3715998395346105e-05,2.417497285179677e-06
joe-arch-pc,heapsort,sorted,300,2.6759000320453197e-05,4.323007492851739e-06
joe-arch-pc,heapsort,median-killer,300,2.7947004127781838e-05,1.3203225052869522e-06
joe-arch-pc,heapsort,reversed,300,2.554399543441832e-05,2.172790054148671e-06
joe-arch-pc,heapsort,random,300,3.021799784619361e-05,1.8463174056405614e-06
joe-arch-pc,quicksort,sorted,400,1.0394003766123205e-05,3.389111281895221e-06
joe-arch-pc,quicksort,median-killer,400,1.8514001567382365e-05,1.4086350681543664e-06
joe-arch-pc,quicksort,reversed,400,1.3691002095583826e-05,2.417657830205862e-06
joe-arch-pc,quicksort,random,400,2.763399970717728e-05,1.9358630620695757e-06
joe-arch-pc,mergesort,sorted,400,1.1480995453894138e-05,2.703050307950663e-06
joe-arch-pc,mergesort,median-killer,400,1.4750999980606139e-05,1.214064046256211e-06
joe-arch-pc,mergesort,reversed,400,1.7102000128943473e-05,2.5406471281266066e-06
joe-arch-pc,mergesort,random,400,3.171400021528825e-05,4.455857763259167e-06
joe-arch-pc,heapsort,sorted,400,3.4294003853574395e-05,2.581230500487696e-06
joe-arch-pc,heapsort,median-killer,400,3.666400152724236e-05,1.437414426114962e-06
joe-arch-pc,heapsort,reversed,400,3.290200402261689e-05,2.3494631487601065e-06
joe-arch-pc,heapsort,random,400,3.952100087190047e-05,3.566122112709237e-06
joe-arch-pc,quicksort,sorted,500,1.134100602939725e-05,2.2764078429530503e-06
joe-arch-pc,quicksort,median-killer,500,2.141900040442124e-05,1.2366288525457022e-06
joe-arch-pc,quicksort,reversed,500,2.0322004274930805e-05,3.4945477651598346e-05
joe-arch-pc,quicksort,random,500,3.3517993870191276e-05,3.714865086431648e-06
joe-arch-pc,mergesort,sorted,500,1.2930002412758768e-05,2.1386736014208778e-06
joe-arch-pc,mergesort,median-killer,500,2.4624001525808126e-05,1.5459456354224087e-06
joe-arch-pc,mergesort,reversed,500,2.0872001186944544e-05,2.5223883847366493e-06
joe-arch-pc,mergesort,random,500,3.689499862957746e-05,1.8204225916140035e-06
joe-arch-pc,heapsort,sorted,500,4.256899410393089e-05,2.1772006301994996e-06
joe-arch-pc,heapsort,median-killer,500,4.4079002691432834e-05,2.071919383208819e-06
joe-arch-pc,heapsort,reversed,500,4.107999848201871e-05,3.1812239822076917e-06
joe-arch-pc,heapsort,random,500,4.8517998948227614e-05,8.225333080409006e-06
joe-arch-pc,quicksort,sorted,600,1.381699985358864e-05,2.6387924173252945e-06
joe-arch-pc,quicksort,median-killer,600,2.4905995815061033e-05,1.7471203231825668e-06
joe-arch-pc,quicksort,reversed,600,1.713999517960474e-05,3.7387917745613145e-06
joe-arch-pc,quicksort,random,600,4.063500091433525e-05,2.195338127120999e-06
joe-arch-pc,mergesort,sorted,600,1.3547003618441522e-05,2.8528858714088166e-06
joe-arch-pc,mergesort,median-killer,600,1.8129998352378607e-05,2.1805290426476573e-06
joe-arch-pc,mergesort,reversed,600,2.592799864942208e-05,2.028471480534161e-06
joe-arch-pc,mergesort,random,600,4.352100222604349e-05,1.939623896425618e-06
joe-arch-pc,heapsort,sorted,600,5.112999497214332e-05,2.2201114560149003e-06
joe-arch-pc,heapsort,median-killer,600,5.298500036587939e-05,2.606979449148737e-06
joe-arch-pc,heapsort,reversed,600,4.889100091531873e-05,2.0805176440009596e-06
joe-arch-pc,heapsort,random,600,5.8259000070393085e-05,2.1601938536269485e-06
joe-arch-pc,quicksort,sorted,700,1.4605000615119934e-05,2.8433650219486822e-06
joe-arch-pc,quicksort,median-killer,700,2.791500446619466e-05,1.9293467241957218e-06
joe-arch-pc,quicksort,reversed,700,1.9720006093848497e-05,2.303099779148035e-06
joe-arch-pc,quicksort,random,700,4.625500150723383e-05,2.139450521288497e-06
joe-arch-pc,mergesort,sorted,700,1.610899926163256e-05,4.391523805657198e-06
joe-arch-pc,mergesort,median-killer,700,2.0840001525357366e-05,1.3551409731389668e-06
joe-arch-pc,mergesort,reversed,700,2.1800995455123484e-05,2.0491913975789447e-06
joe-arch-pc,mergesort,random,700,5.282600614009425e-05,1.7294530258474324e-06
joe-arch-pc,heapsort,sorted,700,6.029799988027662e-05,3.6695859294660423e-06
joe-arch-pc,heapsort,median-killer,700,6.179000047268346e-05,1.219573812561266e-06
joe-arch-pc,heapsort,reversed,700,5.7131001085508615e-05,3.1134651137376974e-06
joe-arch-pc,heapsort,random,700,6.763699639122933e-05,2.8492214557361087e-06
joe-arch-pc,quicksort,sorted,800,1.5008998161647469e-05,2.2078915793419435e-06
joe-arch-pc,quicksort,median-killer,800,3.105300129391253e-05,1.6819273331430125e-06
joe-arch-pc,quicksort,reversed,800,2.145100006600842e-05,2.1993273327346443e-06
joe-arch-pc,quicksort,random,800,6.950199895072728e-05,1.878184771388643e-06
joe-arch-pc,mergesort,sorted,800,1.7197002307511866e-05,3.519504426757581e-06
joe-arch-pc,mergesort,median-killer,800,2.232900442322716e-05,1.3628543463739853e-06
joe-arch-pc,mergesort,reversed,800,2.8422000468708575e-05,2.1753337713577934e-06
joe-arch-pc,mergesort,random,800,6.031399971107021e-05,3.0840176325087945e-06
joe-arch-pc,heapsort,sorted,800,6.899399886606261e-05,4.8506410310577194e-06
joe-arch-pc,heapsort,median-killer,800,7.183599518612027e-05,5.361876410293043e-06
joe-arch-pc,heapsort,reversed,800,6.541799666592851e-05,2.0283256996704006e-06
joe-arch-pc,heapsort,random,800,7.833400013623759e-05,2.2535302462365123e-06
joe-arch-pc,quicksort,sorted,900,1.607600279385224e-05,2.4930208766444295e-06
joe-arch-pc,quicksort,median-killer,900,3.3766998967621475e-05,1.6607596634747661e-06
joe-arch-pc,quicksort,reversed,900,2.3640997824259102e-05,2.3370024571245864e-06
joe-arch-pc,quicksort,random,900,6.123300408944488e-05,4.865912501394789e-06
joe-arch-pc,mergesort,sorted,900,1.801399776013568e-05,2.514832060363105e-06
joe-arch-pc,mergesort,median-killer,900,2.3728003725409508e-05,1.404377872325698e-06
joe-arch-pc,mergesort,reversed,900,3.107100201305002e-05,4.0137046134024346e-06
joe-arch-pc,mergesort,random,900,6.741200195392594e-05,2.6326157669851464e-05
joe-arch-pc,heapsort,sorted,900,7.736300176475197e-05,2.2085612130325393e-06
joe-arch-pc,heapsort,median-killer,900,7.938199996715412e-05,1.0652601422426402e-06
joe-arch-pc,heapsort,reversed,900,7.323499448830262e-05,2.4132349905318974e-06
joe-arch-pc,heapsort,random,900,8.910400356398895e-05,2.2267705646235386e-06
joe-arch-pc,quicksort,sorted,1000,1.7327998648397624e-05,2.1812260966789123e-06
joe-arch-pc,quicksort,median-killer,1000,3.7755999073851854e-05,1.8622657713775274e-06
joe-arch-pc,quicksort,reversed,1000,3.7760000850539654e-05,2.5594612408601126e-06
joe-arch-pc,quicksort,random,1000,6.673899770248681e-05,2.9741399050081318e-06
joe-arch-pc,mergesort,sorted,1000,1.99189962586388e-05,2.5156005594703855e-06
joe-arch-pc,mergesort,median-killer,1000,2.6420995709486306e-05,2.5524754740080492e-06
joe-arch-pc,mergesort,reversed,1000,3.608100087149069e-05,2.6270914199738957e-06
joe-arch-pc,mergesort,random,1000,7.421999907819554e-05,1.6804099444907951e-06
joe-arch-pc,heapsort,sorted,1000,8.663399785291404e-05,2.066725023172417e-06
joe-arch-pc,heapsort,median-killer,1000,8.771600550971925e-05,1.1943576437139894e-06
joe-arch-pc,heapsort,reversed,1000,8.201300079235807e-05,2.13532745387995e-06
joe-arch-pc,heapsort,random,1000,9.906000195769593e-05,2.0038187025290056e-06
joe-arch-pc,quicksort,sorted,2000,3.0055998649913818e-05,5.963278024920914e-06
joe-arch-pc,quicksort,median-killer,2000,9.112899715546519e-05,6.937314779838928e-06
joe-arch-pc,quicksort,reversed,2000,4.665899905376136e-05,4.766119869036602e-06
joe-arch-pc,quicksort,random,2000,0.00013995799963595346,1.9761872464091727e-06
joe-arch-pc,mergesort,sorted,2000,3.6022000131197274e-05,3.2654968034085615e-06
joe-arch-pc,mergesort,median-killer,2000,4.7203000576701015e-05,1.5613681205252974e-06
joe-arch-pc,mergesort,reversed,2000,6.914300320204347e-05,2.1462401825219745e-06
joe-arch-pc,mergesort,random,2000,0.0001561899989610538,1.7265316359122456e-06
joe-arch-pc,heapsort,sorted,2000,0.00017753199790604413,2.507444719232908e-06
joe-arch-pc,heapsort,median-killer,2000,0.00018309399456484243,1.0998311549490616e-06
joe-arch-pc,heapsort,reversed,2000,0.0001693419981165789,2.0796501961212175e-06
joe-arch-pc,heapsort,random,2000,0.00020866399427177384,3.966296682659424e-06
joe-arch-pc,quicksort,sorted,3000,4.514099418884143e-05,1.4722559059560787e-05
joe-arch-pc,quicksort,median-killer,3000,0.00010704199667088687,1.951924024059385e-06
joe-arch-pc,quicksort,reversed,3000,7.19680028851144e-05,4.438546961859944e-06
joe-arch-pc,quicksort,random,3000,0.00021752600150648504,8.707844993285585e-06
joe-arch-pc,mergesort,sorted,3000,5.5848002375569195e-05,2.1074282053104724e-06
joe-arch-pc,mergesort,median-killer,3000,7.281400030478835e-05,7.653318032526817e-06
joe-arch-pc,mergesort,reversed,3000,9.025300096254796e-05,5.057728201090437e-06
joe-arch-pc,mergesort,random,3000,0.00024869399931048974,5.754671141452197e-06
joe-arch-pc,heapsort,sorted,3000,0.00027231700369156897,5.5616953555237245e-06
joe-arch-pc,heapsort,median-killer,3000,0.0002861780012608506,2.53337585216435e-06
joe-arch-pc,heapsort,reversed,3000,0.0002649059970281087,7.759932311932762e-06
joe-arch-pc,heapsort,random,3000,0.00032731000101193786,6.400814050208769e-06
joe-arch-pc,quicksort,sorted,4000,5.7298995670862496e-05,2.68075796189032e-06
joe-arch-pc,quicksort,median-killer,4000,0.00014510600158246234,2.4174160845536756e-06
joe-arch-pc,quicksort,reversed,4000,9.223200322594494e-05,2.27724284891563e-06
joe-arch-pc,quicksort,random,4000,0.0002971889989566989,5.407847057673836e-06
joe-arch-pc,mergesort,sorted,4000,7.049599662423134e-05,2.8620208552228775e-06
joe-arch-pc,mergesort,median-killer,4000,9.268800204154104e-05,6.638595779887904e-06
joe-arch-pc,mergesort,reversed,4000,0.00013892599963583052,6.4890096551653205e-06
joe-arch-pc,mergesort,random,4000,0.0003312479966552928,3.90588612458923e-06
joe-arch-pc,heapsort,sorted,4000,0.00036568899668054655,3.829905612023077e-06
joe-arch-pc,heapsort,median-killer,4000,0.0003858499985653907,1.0735609910466906e-05
joe-arch-pc,heapsort,reversed,4000,0.0003577449970180169,2.9180881785679925e-06
joe-arch-pc,heapsort,random,4000,0.00044848099787486717,4.065003858341543e-05
joe-arch-pc,quicksort,sorted,5000,7.256200478877872e-05,5.072458121217662e-06
joe-arch-pc,quicksort,median-killer,5000,0.00018093099788529798,2.444262137026215e-06
joe-arch-pc,quicksort,reversed,5000,0.00012220100325066596,2.0858508120210666e-06
joe-arch-pc,quicksort,random,5000,0.0003762699998333119,4.459616396314845e-06
joe-arch-pc,mergesort,sorted,5000,8.506199810653925e-05,8.518770101015542e-06
joe-arch-pc,mergesort,median-killer,5000,0.00011022899707313627,0.00016243399324032906
joe-arch-pc,mergesort,reversed,5000,0.00019289799820398912,4.308291125009793e-06
joe-arch-pc,mergesort,random,5000,0.00041688900091685355,3.4168932232210315e-06
joe-arch-pc,heapsort,sorted,5000,0.00046210599975893274,6.718254957713706e-06
joe-arch-pc,heapsort,median-killer,5000,0.0004946199987898581,4.052318133744744e-06
joe-arch-pc,heapsort,reversed,5000,0.00045686699741054326,7.667892027681592e-06
joe-arch-pc,heapsort,random,5000,0.0005733379948651418,1.9636607252621803e-05
joe-arch-pc,quicksort,sorted,6000,8.929600153351203e-05,3.1260568615349023e-06
joe-arch-pc,quicksort,median-killer,6000,0.0002220090027549304,2.894033542314549e-05
joe-arch-pc,quicksort,reversed,6000,0.0001474450036766939,1.7617146865360733e-06
joe-arch-pc,quicksort,random,6000,0.00046000500151421875,1.2516409635465658e-05
joe-arch-pc,mergesort,sorted,6000,0.00011315099982311949,3.1543972979151946e-06
joe-arch-pc,mergesort,median-killer,6000,0.00014684299821965396,1.2139121095234718e-06
joe-arch-pc,mergesort,reversed,6000,0.00018518100114306435,2.875844802023138e-06
joe-arch-pc,mergesort,random,6000,0.0005337549955584109,7.979781993678926e-05
joe-arch-pc,heapsort,sorted,6000,0.0005616409980575554,1.1721279932724004e-05
joe-arch-pc,heapsort,median-killer,6000,0.000603444997977931,1.0314934083588265e-05
joe-arch-pc,heapsort,reversed,6000,0.0005561579964705743,5.557450817255413e-06
joe-arch-pc,heapsort,random,6000,0.0007028420004644431,1.4144725557921351e-05
joe-arch-pc,quicksort,sorted,7000,0.00010041000496130437,4.781212257402505e-06
joe-arch-pc,quicksort,median-killer,7000,0.0002605599947855808,1.1895706617228912e-05
joe-arch-pc,quicksort,reversed,7000,0.00016583700198680162,8.804564759617358e-06
joe-arch-pc,quicksort,random,7000,0.0005505099979927763,1.7164697724380476e-06
joe-arch-pc,mergesort,sorted,7000,0.00012839100236305967,6.309624119198629e-06
joe-arch-pc,mergesort,median-killer,7000,0.00016329400386894122,3.1882050980974625e-06
joe-arch-pc,mergesort,reversed,7000,0.00023384900123346597,1.0346112455566147e-05
joe-arch-pc,mergesort,random,7000,0.0006235999971977435,1.2144298313061044e-05
joe-arch-pc,heapsort,sorted,7000,0.0006624809975619428,8.84372355916471e-06
joe-arch-pc,heapsort,median-killer,7000,0.0007079770002746955,9.624513942552542e-06
joe-arch-pc,heapsort,reversed,7000,0.0006571630001417361,3.960389217989258e-06
joe-arch-pc,heapsort,random,7000,0.0008382360028917901,3.5588689147134512e-06
joe-arch-pc,quicksort,sorted,8000,0.00011367499973857775,6.684207375149674e-06
joe-arch-pc,quicksort,median-killer,8000,0.00029744500352535397,2.0582945840396654e-06
joe-arch-pc,quicksort,reversed,8000,0.00019139899814035743,2.2236907052113267e-06
joe-arch-pc,quicksort,random,8000,0.0006357989987009205,1.9306160238870574e-06
joe-arch-pc,mergesort,sorted,8000,0.0001453239965485409,2.9560861322274813e-06
joe-arch-pc,mergesort,median-killer,8000,0.00018833200010703877,2.2092646197199728e-06
joe-arch-pc,mergesort,reversed,8000,0.0002867400035029277,6.33343401093224e-06
joe-arch-pc,mergesort,random,8000,0.0007157929940149188,4.4398288226316e-06
joe-arch-pc,heapsort,sorted,8000,0.0007576549978693947,3.981324632578431e-06
joe-arch-pc,heapsort,median-killer,8000,0.0008224760022130795,7.44998395564477e-06
joe-arch-pc,heapsort,reversed,8000,0.0007619579992024228,3.759285026715774e-06
joe-arch-pc,heapsort,random,8000,0.0009719230001792312,2.5819175175820326e-05
joe-arch-pc,quicksort,sorted,9000,0.0001344800039078109,5.65322943140407e-06
joe-arch-pc,quicksort,median-killer,9000,0.00033884699951158836,2.4010102084207273e-06
joe-arch-pc,quicksort,reversed,9000,0.0002113090013153851,2.201646938638408e-06
joe-arch-pc,quicksort,random,9000,0.0007188450035755523,3.337583985791295e-06
joe-arch-pc,mergesort,sorted,9000,0.00016087100084405392,6.340907275360259e-06
joe-arch-pc,mergesort,median-killer,9000,0.00020710600074380636,3.4954382432611262e-06
joe-arch-pc,mergesort,reversed,9000,0.0003420979992370121,1.166686642681768e-05
joe-arch-pc,mergesort,random,9000,0.0008099529950413853,1.3956763032112588e-05
joe-arch-pc,heapsort,sorted,9000,0.0008636600032332353,1.2761752665171301e-05
joe-arch-pc,heapsort,median-killer,9000,0.0009340640026493929,2.4379489833909092e-05
joe-arch-pc,heapsort,reversed,9000,0.0008643350010970607,5.66452395897723e-06
joe-arch-pc,heapsort,random,9000,0.0011033649934688583,1.0226129250399712e-05
joe-arch-pc,quicksort,sorted,10000,0.0001442380016669631,6.088321114131825e-06
joe-arch-pc,quicksort,median-killer,10000,0.00038432099972851574,4.3340390302653736e-06
joe-arch-pc,quicksort,reversed,10000,0.00025380199804203585,4.276052539786659e-06
joe-arch-pc,quicksort,random,10000,0.0008132310031214729,4.179465801591512e-05
joe-arch-pc,mergesort,sorted,10000,0.00017655600095167756,4.53100506541307e-06
joe-arch-pc,mergesort,median-killer,10000,0.00022790200455347076,1.1558952859392702e-05
joe-arch-pc,mergesort,reversed,10000,0.0003976139996666461,9.385501271985598e-06
joe-arch-pc,mergesort,random,10000,0.0009068180006579496,1.670693586742329e-05
joe-arch-pc,heapsort,sorted,10000,0.0009707659992272966,9.895052722693959e-06
joe-arch-pc,heapsort,median-killer,10000,0.0010471860005054623,7.792076666280997e-06
joe-arch-pc,heapsort,reversed,10000,0.000967815998592414,1.0715151093373957e-05
joe-arch-pc,heapsort,random,10000,0.0012442280058166943,1.9839381055378655e-05
joe-arch-pc,quicksort,sorted,20000,0.00030137900466797873,2.474353077632291e-05
joe-arch-pc,quicksort,median-killer,20000,0.0008153880044119433,8.93781380982943e-05
joe-arch-pc,quicksort,reversed,20000,0.0005327629987732507,1.5150934835688808e-05
joe-arch-pc,quicksort,random,20000,0.0017208860008395277,2.2442187841171043e-05
joe-arch-pc,mergesort,sorted,20000,0.0003735899954335764,6.111173004864544e-06
joe-arch-pc,mergesort,median-killer,20000,0.0004866070012212731,0.00012309499257990303
joe-arch-pc,mergesort,reversed,20000,0.0008271940023405477,2.075809635630299e-05
joe-arch-pc,mergesort,random,20000,0.0019458480019238777,1.6023221068039494e-05
joe-arch-pc,heapsort,sorted,20000,0.0020275369970477186,0.0002091941547120691
joe-arch-pc,heapsort,median-killer,20000,0.0022318139963317662,0.00058100694654426
joe-arch-pc,heapsort,reversed,20000,0.002034115001151804,1.4319819798939677e-05
joe-arch-pc,heapsort,random,20000,0.0026790519987116568,1.865142790109745e-05
joe-arch-pc,quicksort,sorted,30000,0.0004528900026343763,1.177916782444833e-05
joe-arch-pc,quicksort,median-killer,30000,0.0012606410018634051,2.261667494394544e-05
joe-arch-pc,quicksort,reversed,30000,0.0008094310032902285,1.1514531324503988e-05
joe-arch-pc,quicksort,random,30000,0.002705391998460982,4.8300143059996244e-05
joe-arch-pc,mergesort,sorted,30000,0.0006203160010045394,1.0477348026961611e-05
joe-arch-pc,mergesort,median-killer,30000,0.0007673060026718304,5.827550648776636e-06
joe-arch-pc,mergesort,reversed,30000,0.0011335730014252476,4.573986675746865e-05
joe-arch-pc,mergesort,random,30000,0.0031102409993764013,6.255489322281595e-05
joe-arch-pc,heapsort,sorted,30000,0.0031247500010067597,9.073289958461598e-05
joe-arch-pc,heapsort,median-killer,30000,0.0034834589969250374,4.669923900645893e-05
joe-arch-pc,heapsort,reversed,30000,0.00315464199957205,0.00016152804257484787
joe-arch-pc,heapsort,random,30000,0.004231464998156298,6.314103425589395e-05
joe-arch-pc,quicksort,sorted,40000,0.0006287989963311702,2.283868275892085e-05
joe-arch-pc,quicksort,median-killer,40000,0.0017617630001041107,1.539082738292667e-05
joe-arch-pc,quicksort,reversed,40000,0.0011310999980196357,7.896384367100981e-05
joe-arch-pc,quicksort,random,40000,0.0037273560010362417,1.8556352280567256e-05
joe-arch-pc,mergesort,sorted,40000,0.0007952099986141548,1.8267359670293836e-05
joe-arch-pc,mergesort,median-killer,40000,0.001028558996040374,2.1110038120598037e-05
joe-arch-pc,mergesort,reversed,40000,0.0017318230020464398,1.4336112296190258e-05
joe-arch-pc,mergesort,random,40000,0.004195434994471725,7.788824651254269e-05
joe-arch-pc,heapsort,sorted,40000,0.004234864005411509,0.00014251994594251157
joe-arch-pc,heapsort,median-killer,40000,0.004748259998450521,0.00012775652636849816
joe-arch-pc,heapsort,reversed,40000,0.004288718999305274,0.0003132411146872994
joe-arch-pc,heapsort,random,40000,0.005842911996296607,0.0002870491421858125
joe-arch-pc,quicksort,sorted,50000,0.0008136539981933311,2.974752738621949e-05
joe-arch-pc,quicksort,median-killer,50000,0.002251278994663153,0.00018276598196175073
joe-arch-pc,quicksort,reversed,50000,0.001442531000066083,0.00012080507231437157
joe-arch-pc,quicksort,random,50000,0.004722132005554158,5.319175391159295e-05
joe-arch-pc,mergesort,sorted,50000,0.0010819070012075827,3.170738391470033e-05
joe-arch-pc,mergesort,median-killer,50000,0.0013519760032068007,0.0002896488114273275
joe-arch-pc,mergesort,reversed,50000,0.0019073639996349812,0.00014055045914175218
joe-arch-pc,mergesort,random,50000,0.005555923999054357,0.00015473268190575626
joe-arch-pc,heapsort,sorted,50000,0.005356979003408924,0.00031135369708992067
joe-arch-pc,heapsort,median-killer,50000,0.006117794000601862,5.8963733928424854e-05
joe-arch-pc,heapsort,reversed,50000,0.005449093994684517,6.500516871708573e-05
joe-arch-pc,heapsort,random,50000,0.00756943499436602,8.843308204386534e-05
joe-arch-pc,quicksort,sorted,60000,0.0009502450047875755,2.7124717579500757e-05
joe-arch-pc,quicksort,median-killer,60000,0.0027114849945064634,1.969890483158799e-05
joe-arch-pc,quicksort,reversed,60000,0.0017086209991248325,1.524360147471174e-05
joe-arch-pc,quicksort,random,60000,0.005822566999995615,0.0001461352292497342
joe-arch-pc,mergesort,sorted,60000,0.0013072340007056482,2.3070582366193963e-05
joe-arch-pc,mergesort,median-killer,60000,0.001612171996384859,9.3739807081074e-05
joe-arch-pc,mergesort,reversed,60000,0.0023810729981050827,3.8405052396477005e-05
joe-arch-pc,mergesort,random,60000,0.006647342001087964,8.282692673777305e-05
joe-arch-pc,heapsort,sorted,60000,0.006491660999017768,4.620351174588997e-05
joe-arch-pc,heapsort,median-killer,60000,0.007488073002605233,0.00011349444008552913
joe-arch-pc,heapsort,reversed,60000,0.006661999999778345,0.00013203746272001464
joe-arch-pc,heapsort,random,60000,0.00928043200110551,9.212578221277599e-05
joe-arch-pc,quicksort,sorted,70000,0.0011106880047009327,5.670699996451058e-05
joe-arch-pc,quicksort,median-killer,70000,0.0032086889987112954,9.842048693823428e-05
joe-arch-pc,quicksort,reversed,70000,0.0019304230008856393,2.0833921749373194e-05
joe-arch-pc,quicksort,random,70000,0.006852393998997286,0.0002333598039674147
joe-arch-pc,mergesort,sorted,70000,0.0014894979976816103,4.305581829381461e-05
joe-arch-pc,mergesort,median-killer,70000,0.0018830970002454706,0.00016691032113091034
joe-arch-pc,mergesort,reversed,70000,0.0028832010066253133,0.00024344408405090813
joe-arch-pc,mergesort,random,70000,0.007836626005882863,0.00011442443004939834
joe-arch-pc,heapsort,sorted,70000,0.0075961749971611425,0.00011525266364904287
joe-arch-pc,heapsort,median-killer,70000,0.00879054400138557,0.0001408781871504157
joe-arch-pc,heapsort,reversed,70000,0.007909643005405087,0.00020468226392792577
joe-arch-pc,heapsort,random,70000,0.011112214000604581,2.446854346586419e-05
joe-arch-pc,quicksort,sorted,80000,0.0013771520025329664,2.142046043552957e-05
joe-arch-pc,quicksort,median-killer,80000,0.003737484999874141,0.0001280324455482771
joe-arch-pc,quicksort,reversed,80000,0.0023696319985901937,1.4315030385345586e-05
joe-arch-pc,quicksort,random,80000,0.007966867997311056,0.0002145832903104869
joe-arch-pc,mergesort,sorted,80000,0.0017645240004640073,1.8266711927293238e-05
joe-arch-pc,mergesort,median-killer,80000,0.0022173529941937886,0.0004074401963183806
joe-arch-pc,mergesort,reversed,80000,0.003640360002464149,0.0001623604163883101
joe-arch-pc,mergesort,random,80000,0.009049521999259014,6.428600093463125e-05
joe-arch-pc,heapsort,sorted,80000,0.008809588995063677,0.00019658309013254605
joe-arch-pc,heapsort,median-killer,80000,0.010269275997416116,0.0002491544564708887
joe-arch-pc,heapsort,reversed,80000,0.00941275899822358,0.0012586070041556974
joe-arch-pc,heapsort,random,80000,0.013065719002042897,0.00032046935143216157
joe-arch-pc,quicksort,sorted,90000,0.0016073180013336241,0.0002153170274539781
joe-arch-pc,quicksort,median-killer,90000,0.0043269189991406165,0.0010166205307945782
joe-arch-pc,quicksort,reversed,90000,0.0041465289978077635,0.00025833893408296505
joe-arch-pc,quicksort,random,90000,0.009333841000625398,0.0007226822859816107
joe-arch-pc,mergesort,sorted,90000,0.0021821010013809428,7.697214146938766e-05
joe-arch-pc,mergesort,median-killer,90000,0.0026298320008208975,0.001026804325850939
joe-arch-pc,mergesort,reversed,90000,0.0036668909961008467,0.0006448179218421829
joe-arch-pc,mergesort,random,90000,0.011019146004400682,0.0010222660018869149
joe-arch-pc,heapsort,sorted,90000,0.010010607002186589,0.0013348752987147046
joe-arch-pc,heapsort,median-killer,90000,0.011785064001742285,0.0006312460153407521
joe-arch-pc,heapsort,reversed,90000,0.010279928996169474,0.0002626068808733242
joe-arch-pc,heapsort,random,90000,0.014805111000896432,8.126342296129142e-05
joe-arch-pc,quicksort,sorted,100000,0.001808736997190863,4.0499517277871266e-05
joe-arch-pc,quicksort,median-killer,100000,0.004889167001238093,0.0002553363011659631
joe-arch-pc,quicksort,reversed,100000,0.003036242000234779,0.00020859707514059525
joe-arch-pc,quicksort,random,100000,0.010156145996006671,0.0002041578718717894
joe-arch-pc,mergesort,sorted,100000,0.002422199002467096,0.00021671580101819638
joe-arch-pc,mergesort,median-killer,100000,0.002965658000903204,0.00045881708562499454
joe-arch-pc,mergesort,reversed,100000,0.004020854001282714,0.00023848219100245445
joe-arch-pc,mergesort,random,100000,0.01190254100220045,0.0001453100399988209
joe-arch-pc,heapsort,sorted,100000,0.011223227993468754,0.00018421737749210024
joe-arch-pc,heapsort,median-killer,100000,0.013171008002245799,7.111861822668446e-05
joe-arch-pc,heapsort,reversed,100000,0.011610508998273872,0.000611125266478535
joe-arch-pc,heapsort,random,100000,0.01676731600309722,0.00019893352208827283
joe-arch-pc,quicksort,sorted,200000,0.004351540999778081,0.00019600956681726825
joe-arch-pc,quicksort,median-killer,200000,0.010632097997586243,0.0023145488951171475
joe-arch-pc,quicksort,reversed,200000,0.007126463002350647,0.0003180659862552285
joe-arch-pc,quicksort,random,200000,0.022236687000258826,8.719028049582357e-05
joe-arch-pc,mergesort,sorted,200000,0.0061447949992725626,0.0002833674549387114
joe-arch-pc,mergesort,median-killer,200000,0.006467781000537798,0.0008678647670053479
joe-arch-pc,mergesort,reversed,200000,0.009483472997089848,5.2276018923356547e-05
joe-arch-pc,mergesort,random,200000,0.026364258003013674,0.00016096206341475487
joe-arch-pc,heapsort,sorted,200000,0.02423317399370717,0.00014810218528261258
joe-arch-pc,heapsort,median-killer,200000,0.028180417000839952,0.001145714931962818
joe-arch-pc,heapsort,reversed,200000,0.024851665999449324,0.00024028314221177818
joe-arch-pc,heapsort,random,200000,0.037751359996036626,0.0003037942193441417
joe-arch-pc,quicksort,sorted,300000,0.007172679994255304,0.0002448738373112437
joe-arch-pc,quicksort,median-killer,300000,0.016667331001372077,0.0001825539504588331
joe-arch-pc,quicksort,reversed,300000,0.010159570003452245,0.00015213621918605525
joe-arch-pc,quicksort,random,300000,0.03442907000135165,0.00012203140941837549
joe-arch-pc,mergesort,sorted,300000,0.009167937998427078,5.383873299281189e-05
joe-arch-pc,mergesort,median-killer,300000,0.00982422100059921,0.00010867075243618096
joe-arch-pc,mergesort,reversed,300000,0.016503319995536003,0.00014265377577593364
joe-arch-pc,mergesort,random,300000,0.040040290004981216,0.0001454973091105236
joe-arch-pc,heapsort,sorted,300000,0.036842002999037504,0.0002747423463520666
joe-arch-pc,heapsort,median-killer,300000,0.0437311689966009,0.00035521719797828677
joe-arch-pc,heapsort,reversed,300000,0.03806705500028329,0.0004393707249448827
joe-arch-pc,heapsort,random,300000,0.05858635299955495,0.0014954419563388975
joe-arch-pc,quicksort,sorted,400000,0.010031063000496943,0.0001883143360015819
joe-arch-pc,quicksort,median-killer,400000,0.022892001004947815,0.00014936404683249226
joe-arch-pc,quicksort,reversed,400000,0.015414687994052656,0.00017941540969792347
joe-arch-pc,quicksort,random,400000,0.04750157200032845,0.0010286117444875229
joe-arch-pc,mergesort,sorted,400000,0.013552270997024607,0.001014587783882562
joe-arch-pc,mergesort,median-killer,400000,0.01392811699770391,0.0002896605627530885
joe-arch-pc,mergesort,reversed,400000,0.020536459000140894,0.00019536636705093152
joe-arch-pc,mergesort,random,400000,0.0567892050021328,0.0003597831088485785
joe-arch-pc,heapsort,sorted,400000,0.05170181400171714,0.00010217895885455735
joe-arch-pc,heapsort,median-killer,400000,0.06056581199663924,0.00037370349631118445
joe-arch-pc,heapsort,reversed,400000,0.05297124999924563,0.0026179497180547516
joe-arch-pc,heapsort,random,400000,0.08720499199989717,0.0016836551287921124
joe-arch-pc,quicksort,sorted,500000,0.012161284998001065,9.2441320204186e-05
joe-arch-pc,quicksort,median-killer,500000,0.02885967200563755,0.0003752063336010309
joe-arch-pc,quicksort,reversed,500000,0.01847748000000138,0.0006201531146384083
joe-arch-pc,quicksort,random,500000,0.059986077998473775,7.338369866796498e-05
joe-arch-pc,mergesort,sorted,500000,0.01675273500586627,0.00016847175295238223
joe-arch-pc,mergesort,median-killer,500000,0.018155565005145036,0.0001988807859391126
joe-arch-pc,mergesort,reversed,500000,0.027111807001347188,0.00030012948566617736
joe-arch-pc,mergesort,random,500000,0.07075592999899527,0.0003567672455757007
joe-arch-pc,heapsort,sorted,500000,0.0650939240003936,0.00012870068825063992
joe-arch-pc,heapsort,median-killer,500000,0.07845349900162546,0.0006683882019424958
joe-arch-pc,heapsort,reversed,500000,0.0676396199996816,0.002276515208568628
joe-arch-pc,heapsort,random,500000,0.11218538899993291,0.0016443533607288948
joe-arch-pc,quicksort,sorted,600000,0.015878496997174807,0.00030253072310657485
joe-arch-pc,quicksort,median-killer,600000,0.03588571999716805,0.00033609764632325175
joe-arch-pc,quicksort,reversed,600000,0.021850397999514826,0.0005094096653578355
joe-arch-pc,quicksort,random,600000,0.07367658500152174,0.00297532970914704
joe-arch-pc,mergesort,sorted,600000,0.02058131199737545,0.0002517723150148352
joe-arch-pc,mergesort,median-killer,600000,0.021408061002148315,0.00038012840700727394
joe-arch-pc,mergesort,reversed,600000,0.035564580000936985,0.001160382392897966
joe-arch-pc,mergesort,random,600000,0.08630299200012814,0.0022657175975894
joe-arch-pc,heapsort,sorted,600000,0.07985452600405551,0.00028623394191974
joe-arch-pc,heapsort,median-killer,600000,0.09739954600081546,0.0007555457817993757
joe-arch-pc,heapsort,reversed,600000,0.08463805499923183,0.001906663092821174
joe-arch-pc,heapsort,random,600000,0.14485903499735286,0.0008858674429197181
joe-arch-pc,quicksort,sorted,700000,0.017663938997429796,0.0003002871193564081
joe-arch-pc,quicksort,median-killer,700000,0.0429536689989618,0.0003352163191782658
joe-arch-pc,quicksort,reversed,700000,0.027698507001332473,0.0003522658935775728
joe-arch-pc,quicksort,random,700000,0.08648610200179974,0.00022938442347296867
joe-arch-pc,mergesort,sorted,700000,0.02525547000550432,0.00045734094070149146
joe-arch-pc,mergesort,median-killer,700000,0.026673371001379564,0.0004053414145051584
joe-arch-pc,mergesort,reversed,700000,0.033956858998863026,0.0004593695077097852
joe-arch-pc,mergesort,random,700000,0.1033443950000219,0.0006605862346087213
joe-arch-pc,heapsort,sorted,700000,0.09350103700126056,0.0004899754866874577
joe-arch-pc,heapsort,median-killer,700000,0.1152027940042899,0.0005511557781551931
joe-arch-pc,heapsort,reversed,700000,0.09784309600217966,0.0002431037155186714
joe-arch-pc,heapsort,random,700000,0.17635697399964556,0.0009410232526228455
joe-arch-pc,quicksort,sorted,800000,0.020588352999766357,0.0002240897224846229
joe-arch-pc,quicksort,median-killer,800000,0.05005011700268369,0.00044659970710930524
joe-arch-pc,quicksort,reversed,800000,0.03165705599531066,0.0004700902719839804
joe-arch-pc,quicksort,random,800000,0.10011924100399483,0.0006760338156353284
joe-arch-pc,mergesort,sorted,800000,0.028268667003430892,0.00046132708155700527
joe-arch-pc,mergesort,median-killer,800000,0.030064926999330055,0.0008835604940359905
joe-arch-pc,mergesort,reversed,800000,0.043378026006394066,0.0007405944045780101
joe-arch-pc,mergesort,random,800000,0.11851658099476481,0.00022672246886048955
joe-arch-pc,heapsort,sorted,800000,0.10744483099551871,0.0008847346887516492
joe-arch-pc,heapsort,median-killer,800000,0.1335629540044465,0.0018888607311762923
joe-arch-pc,heapsort,reversed,800000,0.11224996300006751,0.0006005492972119405
joe-arch-pc,heapsort,random,800000,0.2117324139981065,0.006811531722032073
joe-arch-pc,quicksort,sorted,900000,0.023508245998527855,0.0007470139653920757
joe-arch-pc,quicksort,median-killer,900000,0.058475296005781274,0.0026544644881289566
joe-arch-pc,quicksort,reversed,900000,0.035788376997516025,0.0010486268378755946
joe-arch-pc,quicksort,random,900000,0.11340507300337777,0.0004561108317479468
joe-arch-pc,mergesort,sorted,900000,0.032280037994496524,0.00044699233575814167
joe-arch-pc,mergesort,median-killer,900000,0.03435955000168178,0.0004140349668595353
joe-arch-pc,mergesort,reversed,900000,0.04977761900227051,0.0008188865079720457
joe-arch-pc,mergesort,random,900000,0.13405657299881568,0.002072819368619621
joe-arch-pc,heapsort,sorted,900000,0.12232874999608612,0.002366881602592362
joe-arch-pc,heapsort,median-killer,900000,0.15409867899870733,0.00048620451288404335
joe-arch-pc,heapsort,reversed,900000,0.1284505209987401,0.0006152770216365112
joe-arch-pc,heapsort,random,900000,0.24777127800189191,0.0024359159868057793
joe-arch-pc,quicksort,sorted,1000000,0.025253653002437204,0.0004887316334901168
joe-arch-pc,quicksort,median-killer,1000000,0.06616419799684081,0.0005910360000550076
joe-arch-pc,quicksort,reversed,1000000,0.03954844300460536,0.0006607881580176986
joe-arch-pc,quicksort,random,1000000,0.12573982500180136,0.00011901286891174459
joe-arch-pc,mergesort,sorted,1000000,0.03565364699898055,0.00044901355590773917
joe-arch-pc,mergesort,median-killer,1000000,0.0385637789950124,0.0006666740615743153
joe-arch-pc,mergesort,reversed,1000000,0.05738587700034259,0.0008548537307932844
joe-arch-pc,mergesort,random,1000000,0.14955856200685957,0.0019635217775812587
joe-arch-pc,heapsort,sorted,1000000,0.13585079999757,0.0007206131031571272
joe-arch-pc,heapsort,median-killer,1000000,0.1719552379945526,0.0013996706864454892
joe-arch-pc,heapsort,reversed,1000000,0.14359742699889466,0.0004701157564876781
joe-arch-pc,heapsort,random,1000000,0.28255254100076854,0.0011490787694135027
joe-arch-pc,quicksort,sorted,2000000,0.0529423219995806,0.0001917934661044924
joe-arch-pc,quicksort,median-killer,2000000,0.14378150099946652,0.000582417598796109
joe-arch-pc,quicksort,reversed,2000000,0.08275769899773877,0.0010591299478917068
joe-arch-pc,quicksort,random,2000000,0.2636767720032367,0.0003921787453204559
joe-arch-pc,mergesort,sorted,2000000,0.0757095590015524,0.0003974813524556426
joe-arch-pc,mergesort,median-killer,2000000,0.08315402200241806,0.0004014660085154422
joe-arch-pc,mergesort,reversed,2000000,0.12259762099711224,0.0012783062414478703
joe-arch-pc,mergesort,random,2000000,0.31517384800099535,0.0005768121858442781
joe-arch-pc,heapsort,sorted,2000000,0.280604637999204,0.0018381330009853384
joe-arch-pc,heapsort,median-killer,2000000,0.3731246969982749,0.0015590707817233367
joe-arch-pc,heapsort,reversed,2000000,0.3027753999995184,0.0008615039261601682
joe-arch-pc,heapsort,random,2000000,0.6912990199998603,0.0023792124878360926
joe-arch-pc,quicksort,sorted,3000000,0.08296021600108361,0.0008306208195022325
joe-arch-pc,quicksort,median-killer,3000000,0.2301148960032151,0.0016960430482785129
joe-arch-pc,quicksort,reversed,3000000,0.13078949899500003,0.0012604711270355377
joe-arch-pc,quicksort,random,3000000,0.40869047199521447,0.0008775344229917639
joe-arch-pc,mergesort,sorted,3000000,0.12031078699510545,0.0010281585223392005
joe-arch-pc,mergesort,median-killer,3000000,0.13096771699929377,0.0006547117061141285
joe-arch-pc,mergesort,reversed,3000000,0.1729118209987064,0.001337418885225165
joe-arch-pc,mergesort,random,3000000,0.4926120809977874,0.00162628342540884
joe-arch-pc,heapsort,sorted,3000000,0.44049280200124485,0.02165763554740453
joe-arch-pc,heapsort,median-killer,3000000,0.5796286010008771,0.014135993366971937
joe-arch-pc,heapsort,reversed,3000000,0.47184202300559264,0.01330093107879182
joe-arch-pc,heapsort,random,3000000,1.2116617749998113,0.00996711905676401
joe-arch-pc,quicksort,sorted,4000000,0.11304310799459927,0.0007861665572313477
joe-arch-pc,quicksort,median-killer,4000000,0.32483979999960866,0.006920350998104087
joe-arch-pc,quicksort,reversed,4000000,0.1813842370029306,0.0015196207059234895
joe-arch-pc,quicksort,random,4000000,0.5579553889983799,0.01223591822331352
joe-arch-pc,mergesort,sorted,4000000,0.17195707600330934,0.0042297461290082584
joe-arch-pc,mergesort,median-killer,4000000,0.18934352199721616,0.0030516508100825795
joe-arch-pc,mergesort,reversed,4000000,0.26282294600241585,0.00574421482341624
joe-arch-pc,mergesort,random,4000000,0.6737229970021872,0.007539376323055897
joe-arch-pc,heapsort,sorted,4000000,0.5967681429974618,0.0086546546131634
joe-arch-pc,heapsort,median-killer,4000000,0.8081984649979859,0.0033734420040160856
joe-arch-pc,heapsort,reversed,4000000,0.6497497119999025,0.009564855143438663
joe-arch-pc,heapsort,random,4000000,1.722794547000376,0.02620604414099445
joe-arch-pc,quicksort,sorted,5000000,0.14693832700140774,0.0008046436991446607
joe-arch-pc,quicksort,median-killer,5000000,0.41535499900055584,0.010153361842500505
joe-arch-pc,quicksort,reversed,5000000,0.22719501899700845,0.002654745205691576
joe-arch-pc,quicksort,random,5000000,0.70128295700124,0.007248883075768042
joe-arch-pc,mergesort,sorted,5000000,0.20537896099995123,0.0031837987019199816
joe-arch-pc,mergesort,median-killer,5000000,0.23103346599964425,0.010965088334622373
joe-arch-pc,mergesort,reversed,5000000,0.35716429199965205,0.0027014747564878525
joe-arch-pc,mergesort,random,5000000,0.8404444660045556,0.004813649229705325
joe-arch-pc,heapsort,sorted,5000000,0.7485478829985368,0.002772694289202021
joe-arch-pc,heapsort,median-killer,5000000,1.0095811999999569,0.015445596509715871
joe-arch-pc,heapsort,reversed,5000000,0.8124192510003923,0.009956564100074517
joe-arch-pc,heapsort,random,5000000,2.1024202299959143,0.022192152051200894
joe-arch-pc,quicksort,sorted,6000000,0.1737472470049397,0.003433805715973737
joe-arch-pc,quicksort,median-killer,6000000,0.5036397019939614,0.015951605788626425
joe-arch-pc,quicksort,reversed,6000000,0.2873628430024837,0.0033067907662602297
joe-arch-pc,quicksort,random,6000000,0.8562724309958867,0.0007842493930907872
joe-arch-pc,mergesort,sorted,6000000,0.2547596610020264,0.011165127888030573
joe-arch-pc,mergesort,median-killer,6000000,0.28385933300160104,0.019565023254481055
joe-arch-pc,mergesort,reversed,6000000,0.3621827579991077,0.026315077812516543
joe-arch-pc,mergesort,random,6000000,1.024042199998803,0.018102481200385365
joe-arch-pc,heapsort,sorted,6000000,0.8912255030008964,0.008793505992223297
joe-arch-pc,heapsort,median-killer,6000000,1.245643355003267,0.03530658307520418
joe-arch-pc,heapsort,reversed,6000000,1.0511873540017405,0.02876464707049032
joe-arch-pc,heapsort,random,6000000,2.831255129996862,0.04364615359780003
joe-arch-pc,quicksort,sorted,7000000,0.21161709599982714,0.007307790365813459
joe-arch-pc,quicksort,median-killer,7000000,0.6105089220000082,0.01828099743040791
joe-arch-pc,quicksort,reversed,7000000,0.3475003510029637,0.002679910674219811
joe-arch-pc,quicksort,random,7000000,1.023772344997269,0.007782903403642054
joe-arch-pc,mergesort,sorted,7000000,0.3194171850045677,0.006339444801131785
joe-arch-pc,mergesort,median-killer,7000000,0.3634899429962388,0.008948877676477984
joe-arch-pc,mergesort,reversed,7000000,0.49892973199894186,0.0038263445537010153
joe-arch-pc,mergesort,random,7000000,1.2395000430042273,0.0076762400281222155
joe-arch-pc,heapsort,sorted,7000000,1.1022859290023916,0.021233081335076433
joe-arch-pc,heapsort,median-killer,7000000,1.5425831210013712,0.022753281525055423
joe-arch-pc,heapsort,reversed,7000000,1.2303366759952041,0.04311008371119669
joe-arch-pc,heapsort,random,7000000,3.276939566996589,0.09310106742921583
joe-arch-pc,quicksort,sorted,8000000,0.26564735300053144,0.003261237239290033
joe-arch-pc,quicksort,median-killer,8000000,0.7249835250040633,0.00736171767038744
joe-arch-pc,quicksort,reversed,8000000,0.3922889050008962,0.015105072219390938
joe-arch-pc,quicksort,random,8000000,1.1870597649976844,0.005450815920957763
joe-arch-pc,mergesort,sorted,8000000,0.37332510000123875,0.013298244649837324
joe-arch-pc,mergesort,median-killer,8000000,0.4405504799942719,0.010914638097652755
joe-arch-pc,mergesort,reversed,8000000,0.6081776909995824,0.001966657272932792
joe-arch-pc,mergesort,random,8000000,1.453294797000126,0.014464446699139598
joe-arch-pc,heapsort,sorted,8000000,1.2728600299960817,0.03037106956013607
joe-arch-pc,heapsort,median-killer,8000000,1.7412797549986863,0.06100977363774253
joe-arch-pc,heapsort,reversed,8000000,1.4958918010015623,0.032289108417063846
joe-arch-pc,heapsort,random,8000000,4.16116858299938,0.078281624285866
joe-arch-pc,quicksort,sorted,9000000,0.27786912700685207,0.03422609733426101
joe-arch-pc,quicksort,median-killer,9000000,0.8537309960011044,0.01694202892756828
joe-arch-pc,quicksort,reversed,9000000,0.4479275580015383,0.0032573855178753474
joe-arch-pc,quicksort,random,9000000,1.3277244189957855,0.025824476154325284
joe-arch-pc,mergesort,sorted,9000000,0.42266971500066575,0.0018075143074091048
joe-arch-pc,mergesort,median-killer,9000000,0.5182797099987511,0.01926025619657943
joe-arch-pc,mergesort,reversed,9000000,0.7064520599960815,0.019499291150565968
joe-arch-pc,mergesort,random,9000000,1.6558305799990194,0.03942067071398128
joe-arch-pc,heapsort,sorted,9000000,1.4545683239994105,0.019834759659510495
joe-arch-pc,heapsort,median-killer,9000000,2.0395962049951777,0.035717990902327475
joe-arch-pc,heapsort,reversed,9000000,1.6453444680009852,0.020290470069799133
joe-arch-pc,heapsort,random,9000000,4.569567430000461,0.09853244876468507
joe-arch-pc,quicksort,sorted,10000000,0.3551222449968918,0.006509466439003759
joe-arch-pc,quicksort,median-killer,10000000,1.0530701040042914,0.010568181883466714
joe-arch-pc,quicksort,reversed,10000000,0.5549066570019932,0.008746842724163421
joe-arch-pc,quicksort,random,10000000,1.5338992309989408,0.011019474409533712
joe-arch-pc,mergesort,sorted,10000000,0.5475431529994239,0.00883453978377781
joe-arch-pc,mergesort,median-killer,10000000,0.6178992250061128,0.012974017356428131
joe-arch-pc,mergesort,reversed,10000000,0.7834408929993515,0.06506980268952184
joe-arch-pc,mergesort,random,10000000,1.7780092030006927,0.004936900935057479
joe-arch-pc,heapsort,sorted,10000000,1.5274413150036708,0.011613673624197697
joe-arch-pc,heapsort,median-killer,10000000,2.134037387004355,0.0021249084479186145
joe-arch-pc,heapsort,reversed,10000000,1.6778271009970922,0.002670675067968732
joe-arch-pc,heapsort,random,10000000,4.726065230999666,0.004174952387327494
joe-arch-pc,quicksort,sorted,20000000,0.7251416269937181,0.0014198472477961362
joe-arch-pc,quicksort,median-killer,20000000,1.879353969998192,0.0027070950015774596
joe-arch-pc,quicksort,reversed,20000000,1.0619902059988817,0.001958031612021422
joe-arch-pc,quicksort,random,20000000,3.1464094089969876,0.0011183258716154975
joe-arch-pc,mergesort,sorted,20000000,1.0325406859992654,0.004644212364722065
joe-arch-pc,mergesort,median-killer,20000000,1.1145443279965548,0.013995227188814905
joe-arch-pc,mergesort,reversed,20000000,1.6597872909987927,0.002728544012923238
joe-arch-pc,mergesort,random,20000000,3.798470907000592,0.003445822175344072
joe-arch-pc,heapsort,sorted,20000000,3.2402747350060963,0.003748793825631934
joe-arch-pc,heapsort,median-killer,20000000,4.503431770004681,0.004050127764248563
joe-arch-pc,heapsort,reversed,20000000,3.607384857998113,0.0021326368393228116
joe-arch-pc,heapsort,random,20000000,11.122748059002333,0.023016030863000463
joe-arch-pc,quicksort,sorted,30000000,1.0793031559951487,0.0007525176662423285
joe-arch-pc,quicksort,median-killer,30000000,3.013586524997663,0.037742384772672256
joe-arch-pc,quicksort,reversed,30000000,1.6656579050031723,0.002606436261069826
joe-arch-pc,quicksort,random,30000000,4.849205214995891,0.0035848232845421563
joe-arch-pc,mergesort,sorted,30000000,1.640442505995452,0.0015575989348587684
joe-arch-pc,mergesort,median-killer,30000000,1.7803012680014945,0.001375159426394016
joe-arch-pc,mergesort,reversed,30000000,2.4230940979978186,0.0031207763368293674
joe-arch-pc,mergesort,random,30000000,5.905993693995697,0.0213188662014579
joe-arch-pc,heapsort,sorted,30000000,4.967373147999751,0.0265359839715216
joe-arch-pc,heapsort,median-killer,30000000,7.063172162001138,0.004321136998610321
joe-arch-pc,heapsort,reversed,30000000,5.579549203001079,0.000796879949876795
joe-arch-pc,heapsort,random,30000000,17.169499194002128,0.42916962139137776
joe-arch-pc,quicksort,sorted,40000000,1.4526901919962256,0.004016183688160047
joe-arch-pc,quicksort,median-killer,40000000,4.030876049000653,0.004068567359985064
joe-arch-pc,quicksort,reversed,40000000,2.1742647050050437,0.020853410552486223
joe-arch-pc,quicksort,random,40000000,6.524628927996673,0.0034470541411592533
joe-arch-pc,mergesort,sorted,40000000,2.1127294349935255,0.009978457594856646
joe-arch-pc,mergesort,median-killer,40000000,2.3118049040058395,0.0013899080311998704
joe-arch-pc,mergesort,reversed,40000000,3.4126497539982665,0.004169352958196763
joe-arch-pc,mergesort,random,40000000,7.886550025003089,0.008770896195479353
joe-arch-pc,heapsort,sorted,40000000,6.650533088999509,0.0038473577092281016
joe-arch-pc,heapsort,median-killer,40000000,9.443726911995327,0.006768586069369516
joe-arch-pc,heapsort,reversed,40000000,7.409698979994573,0.1380086821280618
joe-arch-pc,heapsort,random,40000000,23.554362205999496,0.1276771300134302
joe-arch-pc,quicksort,sorted,50000000,1.7926675630005775,0.004638665989895619
joe-arch-pc,quicksort,median-killer,50000000,5.20783514699724,0.00552144301700757
joe-arch-pc,quicksort,reversed,50000000,2.7216437220049556,0.009385758096036262
joe-arch-pc,quicksort,random,50000000,8.132582892998471,0.005713980519298477
joe-arch-pc,mergesort,sorted,50000000,2.6581245380002656,0.002032691540419809
joe-arch-pc,mergesort,median-killer,50000000,2.9813749340028153,0.005580650365246824
joe-arch-pc,mergesort,reversed,50000000,3.8940408199996455,0.00361260133484834
joe-arch-pc,mergesort,random,50000000,10.02716612200311,0.003461083385656621
joe-arch-pc,heapsort,sorted,50000000,8.3085552719931,0.005824231315912212
joe-arch-pc,heapsort,median-killer,50000000,12.040732351997576,0.005451962606135735
joe-arch-pc,heapsort,reversed,50000000,9.370741903003363,0.001092147348232905
joe-arch-pc,heapsort,random,50000000,30.16184231400257,0.06828719537174055
joe-arch-pc,quicksort,sorted,60000000,2.0818217100022594,0.17175551036508618
joe-arch-pc,quicksort,median-killer,60000000,6.220664378000947,0.003619208456932426
joe-arch-pc,quicksort,reversed,60000000,3.342396758001996,0.001519179959660523
joe-arch-pc,quicksort,random,60000000,9.912100290996023,0.006405464435323388
joe-arch-pc,mergesort,sorted,60000000,3.2671686920002685,0.007389712632995953
joe-arch-pc,mergesort,median-killer,60000000,3.649332355002116,0.0022033554711346293
joe-arch-pc,mergesort,reversed,60000000,4.932330360003107,0.022071225142388434
joe-arch-pc,mergesort,random,60000000,12.085828936003963,0.15560947999518895
joe-arch-pc,heapsort,sorted,60000000,10.03960368099797,0.005353779162406246
joe-arch-pc,heapsort,median-killer,60000000,14.726849366001261,0.00283499106702467
joe-arch-pc,heapsort,reversed,60000000,11.46110690900241,0.005335855543880649
joe-arch-pc,heapsort,random,60000000,37.51238789600029,0.234446816857545
joe-arch-pc,quicksort,sorted,70000000,2.3968880379979964,0.04079613970361003
joe-arch-pc,quicksort,median-killer,70000000,7.468185085999721,0.007525899047731963
joe-arch-pc,quicksort,reversed,70000000,3.8842047849975643,0.006666284714692629
joe-arch-pc,quicksort,random,70000000,11.666919839997718,0.003920075572355668
joe-arch-pc,mergesort,sorted,70000000,3.8097506939957384,0.0052826510144016025
joe-arch-pc,mergesort,median-killer,70000000,4.28561113300384,0.007077150567822605
joe-arch-pc,mergesort,reversed,70000000,5.820113804002176,0.2035799171123841
joe-arch-pc,mergesort,random,70000000,14.097469323998666,0.011175806293740044
joe-arch-pc,heapsort,sorted,70000000,11.762399840001308,0.023718661948403996
joe-arch-pc,heapsort,median-killer,70000000,17.19302157399943,0.006744074293824857
joe-arch-pc,heapsort,reversed,70000000,13.449182776996167,0.017379173587903498
joe-arch-pc,heapsort,random,70000000,43.649738275002164,0.07358651025750987
joe-arch-pc,quicksort,sorted,80000000,2.8414784409978893,0.18373614099456564
joe-arch-pc,quicksort,median-killer,80000000,8.810719027002051,0.017130443336747545
joe-arch-pc,quicksort,reversed,80000000,4.373718327995448,0.003958894355286889
joe-arch-pc,quicksort,random,80000000,13.33657519499684,0.012628053015828086
joe-arch-pc,mergesort,sorted,80000000,4.276905709004495,0.10938661873460401
joe-arch-pc,mergesort,median-killer,80000000,4.808888923005725,0.04351095119763819
joe-arch-pc,mergesort,reversed,80000000,6.987460577998718,0.09021364451279533
joe-arch-pc,mergesort,random,80000000,16.260350365002523,0.005926608356351055
joe-arch-pc,heapsort,sorted,80000000,13.575318343995605,0.010103612612505395
joe-arch-pc,heapsort,median-killer,80000000,19.84303566499875,0.017507038514701177
joe-arch-pc,heapsort,reversed,80000000,15.480010988998401,0.01473487069713781
joe-arch-pc,heapsort,random,80000000,50.98086169100134,0.24291931105230216
joe-arch-pc,quicksort,sorted,90000000,3.196327833997202,0.11665203535206134
joe-arch-pc,quicksort,median-killer,90000000,9.847680891994969,0.06397104092382917
joe-arch-pc,quicksort,reversed,90000000,5.0997724139961065,0.03356376566843216
joe-arch-pc,quicksort,random,90000000,15.036499100999208,0.003066060278596716
joe-arch-pc,mergesort,sorted,90000000,5.005897162001929,0.07351038900202232
joe-arch-pc,mergesort,median-killer,90000000,5.589889078000851,0.019445129585419454
joe-arch-pc,mergesort,reversed,90000000,6.927729921000719,0.010476050467863823
joe-arch-pc,mergesort,random,90000000,18.718479169998318,0.014326007859609672
joe-arch-pc,heapsort,sorted,90000000,15.302044697004021,0.04901526159323268
joe-arch-pc,heapsort,median-killer,90000000,22.676604382999358,0.06939640118532255
joe-arch-pc,heapsort,reversed,90000000,17.502684940998734,0.059790085033086936
joe-arch-pc,heapsort,random,90000000,58.123097798001254,0.08324517180509235
joe-arch-pc,quicksort,sorted,100000000,3.7968458000032115,0.02885426108394428
joe-arch-pc,quicksort,median-killer,100000000,11.051786755000649,0.021917911701806198
joe-arch-pc,quicksort,reversed,100000000,5.664367997000227,0.004728618715992386
joe-arch-pc,quicksort,random,100000000,16.904418946003716,0.021916733857333497
joe-arch-pc,mergesort,sorted,100000000,5.63832626400108,0.030201554864623528
joe-arch-pc,mergesort,median-killer,100000000,6.184594000995276,0.010105583127961039
joe-arch-pc,mergesort,reversed,100000000,8.11412454800302,0.01037931066788304
joe-arch-pc,mergesort,random,100000000,20.819724467000924,0.02326242495896968
joe-arch-pc,heapsort,sorted,100000000,17.110423696998623,0.043100473719449306
joe-arch-pc,heapsort,median-killer,100000000,25.32081506200484,0.0272185115072375
joe-arch-pc,heapsort,reversed,100000000,19.538614263001364,0.041885618670505616
joe-arch-pc,heapsort,random,100000000,65.26410464799847,0.1236873691446597
joe-arch-pc,quicksort,sorted,200000000,7.98619574100303,23.527105799683095
joe-arch-pc,quicksort,median-killer,200000000,60.35055952100083,20.835783327401106
joe-arch-pc,quicksort,reversed,200000000,12.407837215010659,2.015138879631904
joe-arch-pc,quicksort,random,200000000,35.72601130598923,0.31524372055123656
joe-arch-pc,mergesort,sorted,200000000,131.97201794000284,47.34775279982404
joe-arch-pc,mergesort,median-killer,200000000,229.96699702799378,82.52206535456527
joe-arch-pc,mergesort,reversed,200000000,410.7166108459933,71.17118614486846
joe-arch-pc,mergesort,random,200000000,381.74493319899193,285.93616167695814
joe-arch-pc,heapsort,sorted,200000000,36.127787454999634,10.083815046329441
joe-arch-pc,heapsort,median-killer,200000000,81.64836601600109,128.74921750380793
joe-arch-pc,heapsort,reversed,200000000,41.35884186200565,15.373562011702527
joe-arch-pc,heapsort,random,200000000,145.59588032000465,5.270404528124739
joe-arch-pc,quicksort,sorted,300000000,150.36013595201075,650.1647140299216

